cluster_id,item_id,x,y
54,14904,-2.30293180644669,2.087929032161338
54,17324,-4.8330148778911965,-0.38883549533880907
54,17325,-4.83701197815013,-0.3853741133564014
54,17332,-4.9259281174911465,-0.32545973483720714
54,50108,1.2995853750247093,-1.0270485467137433
54,50134,-4.218806375720383,-1.855210320767323
54,50146,-0.03344698036486762,0.9395300262066514
54,62923,-2.231010131563584,0.11825989430191437
54,68191,-2.8434641405171686,-0.31527411801053723
54,78807,2.405468012201548,-1.8813888853596723
54,78816,2.1209382517000646,-1.8252424655675326
54,78817,3.5049663411050105,0.21189141264781697
54,78893,0.33759159408110906,-3.4784277521321725
54,79566,-0.3700864671895017,-6.392827016022409
54,79649,-0.4032861455420637,-6.049430255172755
54,79652,-1.9002959038921086,-6.094536552084815
54,79662,-6.682914161837899,-1.4774957974844931
54,79669,1.2824627194938758,-1.941365645578776
54,80348,0.6227981406990694,-3.245258144451786
54,80355,2.6157138810514255,-1.2531518310280823
54,81234,1.2677089675295181,-2.8121641521074827
54,82002,0.9062868165019186,-3.12230172274119
54,82003,1.753314996790543,-3.1552806564332814
54,82005,1.2852810036911309,-3.1990123751470394
54,82241,0.6880252850434231,1.7679862393129955
54,82394,0.5932446952078625,2.07230549557054
54,82444,0.6822315784545995,-3.4092344795252183
54,82447,-1.9904988047543584,-6.037789548165272
54,82468,0.8521744741951722,-2.911177529746655
54,83127,-0.48584336235459974,-6.494833894308655
54,83596,0.9001980861706822,-3.197987073259001
54,83597,0.8169068405550449,-3.1711001583571172
54,83874,1.4940360261120715,-2.5819735895751146
54,83896,-0.4993833404704231,-6.445466956912293
54,83897,3.252606824934885,0.5846288365544162
54,83898,-3.5220339437419264,3.6683866757787733
54,83900,-1.5174360054030156,0.03921045546106755
54,84044,0.4842964468812717,-3.467746546190027
54,84575,1.6551447525291005,2.618836536852962
54,85779,-0.37436716762590755,-6.115919307296482
54,85782,-0.4540586826522801,-6.5108176090712
54,85788,-1.8886198481169698,-6.102674403614333
54,85831,-0.5668745478883026,0.8523486444782463
54,85832,-6.687860715529496,-1.4790802995233796
54,85833,0.9841156171317078,-2.712911476817963
54,85839,0.8942625915929637,-3.7202716421374524
54,85921,1.7730251053280914,-1.8427817876244539
54,85922,1.4636489429764907,-3.228968368515477
54,86116,1.5116676701301923,-2.5836505626439865
54,86184,-1.8290182054155502,-6.278732030475691
54,86212,3.3915051967048235,-0.143405601571181
54,87146,-2.3822517867781503,-5.954371469371026
54,87149,-3.209131510406711,-5.585926335927809
54,88928,0.5906076528859274,2.104522431918761
54,89097,3.4679831593948505,-0.089670826743587
54,89525,-0.3676466703705064,2.3879555299241835
54,89606,1.5074895160355886,-4.946430914931538
54,89907,3.1025098047086126,0.05299907101440981
54,90036,6.275157112019685,-6.025353375205127
54,90038,6.2754449874011335,-6.024565594455009
54,90233,-3.7563765911034626,0.14867831833528206
54,90283,3.0597618485273417,0.1393394349447266
54,90290,1.5254495776168637,-2.94292922083955
54,90299,3.0042149130538687,0.030669438588706317
54,90327,-0.10778231084695745,-3.4183824203874855
54,90340,3.326509712169178,-0.07873422964861274
54,114410,5.737688376644541,-4.575709284029333
54,115924,-4.349139229296879,-4.059363288526797
54,121566,1.6363717134935967,-2.45547708208437
54,121993,-0.30098333478982947,2.1804491023647286
54,122040,-3.4780436960862087,-4.366665605332417
54,122075,0.6270208607163096,1.8677284438450859
54,122076,0.05769967216968154,0.2341258672626626
54,122095,-2.4122056410161035,-1.5958857637259278
54,122150,-3.4633024458934405,0.37528590321544814
54,122278,-0.3006685864652772,-6.131570946149295
54,122295,-2.323797759010026,-1.5629125625801525
54,124196,1.5981522173910516,-1.6523534821350294
54,124197,-1.016432040035008,-3.964571914887846
54,128162,-1.1375227181201681,-3.308291044425861
54,128417,-1.173433681402685,-5.262211852189865
54,132875,-3.4479099331950236,-0.024415486114449093
54,165872,-3.0146480471520416,-3.5975698851844484
54,165892,-0.8992807285330275,-2.195418421372322
54,165894,-0.8255562285586635,-2.173271973740198
54,183489,4.758637906267356,-5.2668449292450745
54,185478,0.9524980660900597,2.366889981346014
54,187110,5.118057841926051,-4.367962492268409
54,187111,-3.5197363372024797,-1.1122840840598391
54,187934,-2.1421839076603812,-2.5831706658406204
54,214497,-2.3723688021721268,1.000452824798129
54,256670,4.357290235667709,-3.8976185765090823
54,282421,-3.5302556100665288,3.662469134522081
54,282422,-0.5762766858942,0.22717992251089664
54,282423,2.9012990065891646,0.6707397885806794
54,282454,-0.17696997878952977,0.19041076113776573
54,282456,3.821411034689751,0.9881929881309445
54,282457,-3.5344812874427944,3.6660608246655944
54,282546,2.140588167492816,-1.720058054043992
54,282560,1.9451424971785773,-2.4578719484336435
54,282565,1.3420467393288824,-2.816872936875884
54,282586,1.2984322471827883,-2.883455598354437
54,282632,-0.9622252904715421,-1.1812588819585519
54,282633,-4.188542704913247,-4.091237234763032
54,282636,1.2609677096806624,-2.360511365106224
54,282705,2.5054334646330605,-2.5935849221403218
54,282706,0.6193834344049977,1.8662570122796454
54,282707,1.3792644744727496,0.1845325835973187
54,297112,0.8988599988902667,5.76281256253938
54,306182,-0.49268382420930196,6.551698763346858
54,308494,0.38461727263008316,5.383622479667304
54,328082,-3.1880606431137974,-3.148715488545465
54,340013,-1.7833849332828344,-3.2968938869031805
54,343141,-1.9004132567809053,-1.9743520462061146
54,377599,1.6737617464903114,-1.0262238720106727
54,410009,2.8150024755865695,5.8117058120611675
54,428663,-5.469281415374441,1.7982926832879238
54,428665,-5.470576760454505,1.7985279835882573
54,457853,-0.2196692754434863,5.506273718338709
54,457873,-3.129194314535858,3.968823820346008
54,457980,-2.098294306729846,5.560478028649688
54,475965,4.081271354224085,-2.1977766404691494
54,476107,0.6627111344725612,-3.6067324138654664
54,476573,2.0578833138651413,1.130080128653789
54,483127,1.97215162616693,0.33114515123152594
54,488509,0.9566037904451536,0.17661596083635334
54,516456,-0.7896341957616357,-4.739734057382173
54,544730,-0.5967132858232751,-1.190662552694736
54,552963,-3.7372881101217894,1.6105506794974211
54,552964,-2.450927070923477,-3.89377454275615
54,553008,1.977866154631013,1.2821250956802375
54,553082,1.3318979553323722,-1.4778194389337116
54,553084,-3.7285384124929446,1.6101090292869626
54,553188,-4.325086992247608,-4.016461521994189
54,553199,-3.795341828895479,1.5529082589052994
54,554959,0.021367006984591368,-1.1393897301436138
54,560953,-1.4205337288734246,5.5274731978264455
54,562255,-4.066112852842085,-2.006909317430462
54,611357,-1.633475140836042,0.5034616823104783
54,619763,4.309123803846851,-2.8713925518433507
54,642523,-0.8000581614510203,0.14772918356337542
54,653512,-1.372775371143561,-5.128245337999387
54,658831,-4.245436047154291,-4.332685059122165
54,671615,-4.722470267200377,-0.5653087988418471
54,679269,1.0337841769186313,0.809905745414935
54,686318,6.281892594617361,-3.9388996584621094
54,710640,2.8370380370621184,3.044744954924204
54,737316,1.0286488268559832,5.447107010097982
54,768619,5.686586138494965,-1.7059976331587354
54,773050,-0.2807855419179709,6.067556799592902
54,779641,0.978746023982057,-3.940789495274939
54,807730,-4.244563396848393,-0.5689187670311342
54,814108,1.930567448804117,-0.6296006570824498
54,814109,2.0120782743844594,-0.5390201636105019
54,815548,-2.4444883625883054,-3.4335444451141637
54,889774,-3.223670755271993,-5.614485106026823
54,895186,4.838613892092619,-3.2020879448953137
54,913880,1.2322960739472875,-3.325162492892581
54,968715,-4.275891124335406,-1.7006516339600373
54,969931,-0.6112276293641533,0.6206595319378404
54,969932,0.19346163704809513,0.5684954003142573
54,970156,4.268170345933935,-4.06199056116433
54,970446,-1.6942875028389168,6.043483704750333
54,970696,4.989433135806526,-3.3407029665471697
54,971558,4.284567726934205,-5.628952361653675
54,972668,4.108386201248936,-4.211547913776329
54,973246,4.4660126989270585,-2.9089100585681766
54,974044,-2.240806062132743,-3.105505946611441
54,974105,-0.22570202956161253,7.0099231272513745
54,974315,-1.2552907284199635,-3.0015313149228944
54,974926,4.055552004502673,-3.260752456648052
54,975057,6.084117753246367,-1.842438475055869
54,975678,6.393827628808995,-2.2172727402903387
54,976748,-0.11928727786113229,7.410484992751074
54,980249,1.4502129392462437,-4.879269880993079
54,980994,2.067097659706801,1.1729966638007705
54,981160,3.107776314978013,5.501328791644265
54,984916,-2.1534732196521054,-2.628448259294969
54,985654,3.4864705222383305,5.234319662653027
54,985659,-3.566056874793028,3.6569351792023066
54,986927,1.7890051359174344,5.891804066896579
54,986930,2.4238465169779078,5.580839618344271
54,1013287,2.734832816292178,5.785793740294261
54,1049323,-1.4758436678375955,-2.7093159305326173
54,1058147,-5.721773548501355,-3.0943489299765754
54,1058148,-5.860354025510134,-2.876510626456086
54,1073213,4.28513007018386,1.6284205078670817
54,1084745,4.45629546953216,-2.486883478431586
54,1120748,-0.8005354964756546,-0.829389520091145
54,1129374,-0.6994874479646821,-0.7415382127783473
54,1142068,5.052500962296281,-1.1989429100152602
54,1166799,-1.9774574647540875,-2.26870511939077
54,1178658,-0.438336941821553,0.5144607321851953
54,1196119,-3.448613458143741,-4.304823672668703
54,1211837,-2.600533339828329,-2.4828079130201735
54,1211842,2.841729216432246,1.3452609046139168
54,1211843,-0.49835775889035633,-3.7934948305807015
54,1211845,-4.518052566420792,-3.806079646909104
54,1211850,-3.5639463425219007,-2.497883222580991
54,1211851,0.922426238855496,-1.5465184920377202
54,1211852,3.0328692255628233,2.1537525139528952
54,1211853,-4.250029086956357,-4.053358822332817
54,1224779,0.9141195349526792,-3.9461946046329115
54,1258582,1.481628383087884,0.9168794205655523
54,1340513,1.602418645163501,6.028807904566693
54,1379376,-1.8505754087714643,5.230575002472323
54,1379390,-1.2744984097814482,5.461043574382113
54,1399385,-1.9029497472675967,-0.9490209148912185
54,1401172,-0.4356105972455758,-4.280086825944427
54,1433644,5.322380427973251,-4.233652576492818
54,1459949,-2.2064652838976175,-3.272126318609073
54,1472063,0.6953923628582779,-1.621087375916674
54,1491277,1.7570513369702034,-3.7337621039721722
54,1496258,-3.588535122117079,3.6925987034321683
54,1529838,-0.4366390723943661,-4.102477359837792
54,1567941,-2.6277287096539705,0.45289705045455664
54,1606223,-3.6205765815624487,3.388589197229514
54,1615842,-1.424155288610558,5.43613946229316
54,1646059,-4.340004874361106,-2.1430926967417037
54,1658888,2.4691728829160073,5.598714491265114
54,1678019,-0.43962911158889184,-4.037639564056384
54,1710355,-5.441634687742114,-4.541253206456286
54,1710356,-5.530838433236888,-4.535694770962175
54,1738856,1.3586754126596192,6.7737902229320905
54,1743665,-2.574356643450209,-2.635631668199892
54,1745207,-2.6293550083652777,-1.6069320720487656
54,1745896,-2.7216826909749723,-3.293843503737982
54,1751679,0.5191416929349053,-5.938368226619775
54,1800471,1.5376744209785491,1.8174252735111032
54,1814742,0.1756478971105307,-2.63247142442326
54,1829937,-0.8520972358883145,1.6036347760217389
54,1861835,0.9491068482396069,2.4143621271673172
54,1882257,-5.417040685124893,-4.0092871358330555
54,1884753,0.8558771082817394,0.13935687665334637
54,1907059,-3.539403370236026,-3.203653037408995
54,1914685,-2.1696281182509067,0.7467636402333401
54,1916326,0.8790556654411577,0.12044104385223371
54,1933921,-2.453182370491847,0.2368076091462635
54,1935262,-4.084837041162098,-1.6318452484623753
54,1941117,3.5674890897932765,0.9200768827415647
54,1945527,-4.051671424555043,-0.4657178012481167
54,1946438,0.07683140814522907,-0.5229937768101736
54,1946440,-1.7101299928878655,-2.2018873927709417
54,1994130,5.1577950243824455,-4.722799954405092
54,2001767,0.1277783989396671,-3.68111203329371
54,2016249,-4.0193119169774905,0.5950563300917152
54,2050333,-0.7501084669695728,6.036143277655064
54,2077888,-3.8444625753368946,-0.2735489531316721
54,2077893,0.055259822244243396,-0.6691526631941146
54,2096498,3.1519914966747202,1.3889773234682181
54,2129567,-0.6726523602616804,-5.785595236759591
54,2129568,-0.6845605548855186,-5.911209619507433
54,2159786,-1.0611924652695177,-0.18439334879801542
54,2159788,-1.177160856617151,-0.02558651227455751
54,2164318,1.9799188142759079,4.423279702190004
54,2164522,-1.9461699918883262,0.6019496381541657
54,2164523,-4.389294582237425,-1.6658000747719246
54,2164524,-4.098622260921835,-1.4840328418167612
54,2168304,-3.5256897317277662,1.5850581699397097
54,2201822,0.30758003035461295,-3.504283217939861
54,2215692,-0.5219054987612184,-7.955607997542801
54,2220664,-5.3756634975815585,0.1325385278714779
54,2254207,-3.2306484100045827,-5.712515513232418
54,2280274,-0.36474017881305487,-1.4338201637133
54,2313655,1.0666274263241835,4.700523780605631
54,2337166,0.7536581235315116,-0.10333033817688682
54,2358790,0.35899653382976077,1.4838769107084868
54,2395690,6.274047615914668,-3.014134578363594
54,2396268,-0.5775832164794444,-0.9372785304570238
54,2449907,-3.597270290849683,-3.6997915727509585
54,2450449,-3.81138890352007,-1.635883002541567
54,2485491,-0.7867050515891116,-5.602418918388758
54,2492860,-2.3597969538151933,3.039685692529408
54,2531370,-2.0585436321199397,-2.9077513826674912
54,2555018,1.5015848212907854,6.1298825178807075
54,2570024,-0.5046104244882006,6.944390157692072
54,2603620,0.6377407627939418,-3.3368173098772083
54,2686687,4.015831494825141,-4.309298181864754
54,2705813,1.7100761071138961,0.07133433858487533
54,2769241,0.7512032902177223,0.17812935999227236
54,2800574,-1.2714653779859058,1.7277205216384428
54,2800575,-1.354683614947832,1.732840387633438
54,2800576,-1.4807290076149875,1.9323053355724717
54,2800577,-1.3148125195255718,1.7973691962616725
54,2805063,-1.8433055819249842,-3.4777587081466548
54,2805715,2.4034439253860156,-1.4090865572042426
54,2853469,-1.4744104569885073,-2.5619377805365784
54,2867439,2.313060389090928,-0.41965585292585933
54,2904063,-3.5769316537583635,3.635390175979877
54,2946158,-1.878638697606274,-0.8307618923405354
54,2947998,-1.5819008330743936,1.3874629212618406
54,2990100,1.913262010299667,-0.275605535263032
54,3001077,-0.5918674597622536,-3.2452187458811452
54,3004425,-1.9020141045380667,-1.833693583460925
54,3004426,-1.4351764562652138,-1.8917525765965055
54,3004427,-1.9020141107167103,-1.8336935735464392
54,3004673,5.172731762261969,-3.0144032899964
54,3005648,1.563201144090142,5.76519932110535
54,3008683,0.9300860731165426,5.801802667661295
54,3008684,0.9333769606587081,5.799484094404132
54,3017478,3.591356198503716,0.7072857345915975
54,3034336,5.169982316140209,-3.1893604309397343
54,3036568,0.0228764862121646,-0.7618582825009567
54,3050069,-0.24919917411558987,6.17584938709415
54,3110839,0.9454480829530002,7.0629705821825475
54,3111150,-2.8414404834551172,-3.466367172492332
54,3228506,6.324569095973271,-1.4130081066548292
54,3280145,2.8201854041282455,-4.63635174919148
54,3280748,-0.4862809502459987,-4.28583483117139
54,3280751,-4.2186842213337625,-2.1710920200664705
54,3281035,1.060318949084493,5.400270792588757
54,3311367,4.216744111448207,-2.4913635741942417
54,3351662,0.5889217882184841,-2.152925787216242
54,3364445,4.593440287600534,-2.636596555806752
54,3372634,-2.1415017183882656,5.580793815532501
54,3393114,5.345274238220681,-1.5041749105899387
54,3427684,2.1025626984742334,1.373535861385631
54,3456456,-3.0608207427642253,-2.2817715128632274
54,3480879,-1.1224697748755539,-3.2548147883529266
54,3485487,-2.0029286553739825,5.580230839593757
54,3500281,0.024214209737409127,-0.7475856947011509
54,3519410,0.6718509564732706,0.11309425898123149
54,3524037,4.365765020409173,-3.1317792274601186
54,3528560,1.5198604597939744,4.459420566096919
54,3528862,3.571460262202627,-3.8664130564750607
54,3548497,-0.9685898202978955,-0.9923337705264871
54,3615677,-4.2390501915813035,-4.161141851850357
54,3623111,-1.9027529804352954,-3.96844752092267
54,3626757,0.5464025307498678,4.9606786910456675
54,3647748,-4.318684069012807,-4.240912468496624
54,3661759,1.5012484515424442,-1.6976371106779604
54,3661761,-5.164453365241026,-1.6690920906994853
54,3670297,-4.109275192524851,-3.023178773793577
54,3674050,-2.210694504486066,5.432401246857312
54,3746116,0.5022214946104815,-3.313568713544482
54,3751620,2.199668675298529,1.1537639866176947
54,3826711,3.0844730097620396,5.69882373238719
54,3834555,0.4801237414310342,4.903791470764835
54,3840795,0.9487429363309021,-2.6254779990212715
54,3849338,1.0016062881468675,-4.831261761134517
54,3853006,-0.0533571089921477,6.723273880638698
54,3853476,-4.363479944308697,-3.401878732046203
54,3856707,2.6598759695870733,6.694445593397417
54,3886062,-1.658618487955427,-2.065861301439482
54,3919006,-2.270924559190569,2.0619418573852566
54,3958223,-2.25388372886999,-2.6722186829534182
54,3994173,-0.18024111990831568,-6.527827615656255
54,4001945,-4.249852222557677,-1.6747372354535301
54,4013696,4.939888059261747,-5.078856687912114
54,4049819,1.1093323201998082,-2.6288336903554788
54,4053504,3.7117607324347057,0.8471571329325309
54,4053910,-3.522673136288554,3.6735874710374925
54,4054796,-3.0916682439427654,3.9966659728430898
54,4055365,-2.4536661795452983,-3.270033842161338
54,4057785,-0.6647060735954388,-0.34513897444665825
54,4058723,-4.164049324318048,-4.444182328163628
54,4058724,-4.2405762950839705,-4.387478359834829
54,4059248,5.426132519609946,-4.697504782536869
54,4060043,1.8473184761605,5.612397888973759
54,4060543,-0.47419509385605113,2.3595603117322814
54,4060544,3.728914440086324,5.018549091501156
54,4062592,-5.399523123458718,0.14064047063056775
54,4063223,2.8871525237313125,5.543502525046887
54,4063296,-5.521918429354195,-3.8583491345234093
54,4063691,0.05873732982254441,-0.6092011167202123
54,4064347,2.521930761121418,-1.3550993744713304
54,4064348,-1.8788580864330058,5.250037839984152
54,4065800,-0.3664176500953139,-3.558749055751362
54,4066025,-0.45656106119020046,-4.362627657942852
54,4067033,-0.7111680833677121,-2.209667747457459
54,4068540,0.6853706395036658,4.363662243153886
54,4068541,0.7803222440910152,4.523819937696326
54,4069139,4.183195543480533,-3.213793864212035
54,4070062,-4.307554125668199,-1.4787230564743754
54,4070590,-1.2662707239146982,1.053599896326141
54,4071348,3.903797225059292,-3.1138823750650704
54,4073159,3.86911327619888,-3.312894139407021
54,4073192,-2.7461605910097044,-5.6160727445010945
54,4073996,2.1244075086947056,3.3987082704211575
54,4074400,1.6140591149368262,-2.8622818084501267
54,4077085,4.039438408990503,-1.8068463005642466
54,4082183,2.118204437922068,5.397575054155891
54,4082592,2.5276311048486977,-1.346006486071044
54,4082905,5.299389853778896,-2.978133772465626
54,4091313,4.857490206715574,-3.400104391640012
54,4091314,2.1222583175162657,-1.2181989832563864
54,4091525,2.2187176586092052,3.793788167888796
54,4091638,-0.32340143079335226,-6.651420096992411
54,4091940,0.1913545163367135,-4.200056535136217
54,4092338,-0.5561908068942439,-5.930737627703053
54,4092591,6.46908109914509,-2.539814871490866
54,4097126,-3.1166093400498136,-4.598342668050073
54,4097129,2.5797473443061114,6.379954659908057
54,4115004,0.508306894483868,-5.050815488940208
54,4115007,-1.7651947946910034,0.9304078024840979
54,4115008,5.074416567690071,-2.933987724226234
54,4116219,-0.44019751065940066,-1.164402851865746
54,4134811,1.7421732871236602,6.002727729033946
54,4134812,3.2875969253088004,5.556384750653531
54,4135500,0.6239469393920893,5.704931910518134
54,4135757,-0.22955781538598774,-0.9480805366514329
54,4136646,6.571416049503386,-3.4081275354127567
54,4142227,-2.8484930669448376,0.6159890051641206
54,4162725,4.46222476016821,1.6674873367804015
54,4162726,4.468117093791357,1.6640319966280699
54,4163700,0.733452138649471,-4.492982542259171
54,4172072,5.730907654668794,-3.5401418039689467
54,4227524,-2.334317512632754,-3.017147272130321
54,4257156,-2.16360622601774,-3.294649572369945
54,4259597,6.2889448730473845,-2.780005806862486
54,4278847,-2.9720931481679305,-3.7352742237781604
54,4329627,-1.3579697751621274,1.3442606693289585
54,4339190,1.9366292120836888,4.776567474433495
54,4365444,0.7044757898736785,-5.972954131216344
54,4365486,-2.1814263516448147,5.572233332666917
54,4373365,4.9260951392340635,-2.0562226541699036
54,4395122,0.585127118514006,-5.370770293907338
54,4406650,1.2156971650441464,5.265880650434029
54,4410122,0.5113979310632863,6.070247586862373
54,4462526,-3.521784735506844,3.6732372515851344
54,4464928,-1.464362932864709,-0.3728357251326344
54,4502345,1.8252748020214928,-2.8811304004656244
54,4538416,5.068002226042532,-3.1182266379519086
54,4538417,-1.0186999246547421,1.5229366187323252
54,4637233,0.5476815084102824,-0.2494965592087491
54,4637261,1.4973412468569487,-4.941387502400447
54,4640149,-4.205757128056855,0.8229571169326152
54,4665944,-1.2321733336213914,4.9832532321257945
54,4673765,-0.5494392542327903,-7.936931933355502
54,4718907,5.597192201833854,-4.1906022042976385
54,4723461,2.8798668643254244,1.3900692206145961
54,4766236,0.032811490286000805,-0.9079331001631821
54,4766841,5.770754695227644,-1.6599549199121304
54,4768854,0.36116506203560217,6.804719097633503
54,4769222,-2.8372646119129845,-0.6806527768509714
54,4769941,-5.168303295144017,-1.82278215855328
54,4771047,-0.6040240091931862,-2.981699569409126
54,4772914,1.5403498621904528,-4.655564699100763
54,4775392,-1.2108785061422958,-7.40958314212509
54,4775393,-1.2680434766178987,-7.411664858577485
54,4776182,3.2353544123951625,-0.3194479068085018
54,4777132,2.7082833931701336,-1.375409099321118
54,4778254,0.7554146694202437,0.09225749443580197
54,4781281,1.3660204918142875,-4.869737935406099
54,4840854,1.6101736652658687,-0.03709418284459868
54,4840855,1.1633276732675275,-3.2587248107002655
54,4870193,1.3529860521416406,0.7179319442229536
54,4877414,4.672787718034143,-4.626479763991125
54,4880069,3.2057547080940973,4.523843472437745
54,4924676,-1.7392503432544861,-3.287034140282744
54,4937660,-0.47505949413431464,-1.0314027978913427
54,4958361,-1.4435054012686148,-3.2730371214085396
54,4963056,0.6734777243917008,4.400837385141752
54,4968873,-0.8565639574615888,-3.0534032574473824
54,5120780,5.81798545537136,-4.62026695367206
54,5139157,3.8743625262277326,-4.208859604620354
54,5192907,3.680427014305437,-4.26188851765459
54,5298128,0.9817549985431036,-6.033992291086611
54,5304235,-2.3197260762677687,-0.821464811757377
54,5363977,0.36900683550139896,0.05378064120911801
54,5428261,-1.3419560602509548,5.839389607036823
54,5500382,4.122039649750015,-3.2581847226708005
54,5586626,-3.56084639164952,3.661823159780557
54,5586627,-0.34990174270241664,-4.585443898362087
54,5586629,-0.31867478975847313,-4.016968489645159
54,5591083,-4.914342090230371,-4.200444476650214
54,5662226,-1.6382680455472542,-0.8180669003863645
54,5759597,-0.8192108478424907,4.835649841506823
54,5760955,-3.1398908891902173,-5.676701471655142
54,5770942,0.5607096347552067,-5.976154457066336
54,5829491,-3.8824166698976232,-5.054732901502653
54,5970918,-2.7359190531976436,-4.553933908285119
54,6027655,5.184431269237827,-2.9754507692235617
54,6036641,0.16436213047816048,-4.601717793024796
54,6064791,-0.708010377566225,-0.5286915011096331
54,6148870,0.7139544413899859,-1.6927168033978053
54,6149331,1.9987087279118045,4.400909346275244
54,6162894,-5.50389866282299,0.20340951100549187
54,6171450,3.826960906536621,-4.04006242963279
54,6177875,0.5271822529705422,5.472095552449684
54,6232798,-5.212904513694503,-1.3563046281403772
54,6262525,4.11652746014002,-3.947774253741045
54,6352751,0.9772700423678166,5.987115815092201
54,6377610,-0.840407974017474,-1.2675515661664158
54,6377611,-0.5583282309346409,-4.1220088996014015
54,6377612,-0.11167587854338466,0.5088138315987253
54,6377745,0.7248518932395657,5.827073448500345
54,6382142,4.934762275953817,-5.68717901429906
54,6382143,-4.212775815350675,-1.8566157597499724
54,6382327,-0.4475744380226933,4.7042799219411995
54,6382354,-1.8205499248843011,-0.02321054993023523
54,6383015,-5.684094114999989,-3.596824809879757
54,6383245,4.951185019826643,-3.1460903526800226
54,6383937,-0.5713850829880087,-4.362629973353261
54,6383938,-1.1788805722966136,-3.7622398423338814
54,6385029,0.189491048425654,7.111026652900982
54,6385138,-2.0214739518640368,5.649645119988888
54,6385158,-0.16461159137089726,-4.556465693796688
54,6385159,-0.3955722710610672,-4.178509345092957
54,6385165,1.1510016158046121,6.711758120507635
54,6385283,-0.5878698156437486,0.3149664250834086
54,6385289,-3.53708214194702,3.6860891936165783
54,6385472,-0.9551503106423055,-4.973877093961411
54,6385837,5.288156869238322,-3.4725063141007384
54,6386732,4.035330000874702,-3.2196925938601764
54,6387569,-0.37207658648304726,5.1115950721795524
54,6388840,-0.02121489862124433,1.228320323832474
54,6388841,0.8885587306456451,-0.678423012449466
54,6388851,0.01777541494926804,-1.1114687472601628
54,6388853,-2.316177104097269,0.9564214730970741
54,6389435,-1.5821858247666216,-3.331093776267031
54,6389864,0.4648514311409439,5.383080633951124
54,6389865,-3.0648719452347084,4.0285068423903585
54,6390659,0.7572425507852665,6.89512787834595
54,6393633,-3.369666290921818,0.0319935289277053
54,6393710,1.4014726166652633,-2.8956715460422293
54,6393939,0.05250594987602796,-2.2413989842254614
54,6395054,1.783499398942343,-2.8114739112986773
54,6396048,-0.67256245654539,-0.5765551538277726
54,6396207,1.8722360109565912,4.574756118238754
54,6396217,-2.1517082606865694,-4.164374567252355
54,6396239,2.5996112938564666,-2.9909073065021357
54,6396771,5.265937586754436,-4.8818249737769595
54,6397046,1.2195366401524939,-2.1580631775647254
54,6397056,0.06251613571741683,-2.4871067048858215
54,6397059,0.04833818199018906,-2.5205279824041034
54,6397062,-1.8175046983335381,1.9786291854965017
54,6398423,2.3916623652439415,6.443556367776649
54,6398712,0.528521210092104,5.800480337548974
54,6398732,-3.4713366647663744,0.2919452814373766
54,6399145,-0.6234697818390373,-3.0724118407080234
54,6400396,-1.8274728987577307,-4.912029396163075
54,6400397,-1.8834168978881622,-4.794734479301808
54,6400400,0.5637004938200085,2.136261861209623
54,6404927,1.4319671013761122,0.8204013561338804
54,6404929,-0.5030992546723192,-4.4096267788123
54,6405613,-5.785947160278043,-0.8538018870123307
54,6406050,5.516346954474914,-3.424806276963066
54,6406244,-3.5187926159023295,-3.1204663975609312
54,6406246,-3.6595494744210098,-3.1386719877928013
54,6406247,-3.517179675873953,-3.1180903760959198
54,6406410,5.1821759714206745,-3.1912370681167497
54,6406411,5.540601398243484,-3.0046972466507684
54,6407255,2.310545924071841,5.621422638218349
54,6407527,-2.668048000109538,-4.8410431230262025
54,6407528,-2.6393653207815104,-4.633007866233554
54,6407529,-2.5734943554392875,-4.4207077977367515
54,6407530,6.326734454307568,-2.5380902914423795
54,6407663,2.624391195924586,-1.3809897123465729
54,6407664,1.9237810870581156,5.8527581965161435
54,6407665,1.6727108688599506,5.832874700316816
54,6407666,2.1441312404729667,5.6623271616030335
54,6407667,0.8600067448072191,-0.608636346553276
54,6407669,2.6854319465525225,5.551073270929247
54,6407670,2.8870771054310684,5.553543784374121
54,6408247,-1.0563725122749081,-2.280503575600586
54,6408606,1.1826340244976157,-1.3463938211124533
54,6408608,2.6970514766275766,5.531295708458572
54,6408674,-3.027328204492674,-1.5930785624335198
54,6408754,-1.2299113403221884,-3.511641746869351
54,6408917,2.40847911820425,6.041873782515366
54,6494782,-3.6618653030261585,-4.535029593755831
54,6495867,4.492720285121317,1.5757702523922918
54,6499299,-0.7278171689330728,-1.4098951148697942
54,6512880,4.2588525372953105,-2.2776673860495666
54,6526376,1.9261337884925505,6.182874748469283
54,6538796,-1.4690833090929805,2.7519892473298455
54,6538797,-1.4686623663554683,2.7508616103386867
54,6590274,-0.9681432576282256,-3.1997009924592574
54,6595935,-0.40318267647015615,-4.040902627498957
54,6605262,-0.37809640788900206,-1.127439416416783
54,6605263,1.4780580962958236,-1.8815043979905994
54,6605265,-0.37809641018800805,-1.1274394142629451
54,6606646,2.1828295864332574,5.707025220025736
54,6607095,-1.3517183397126211,-0.8886851220016623
54,6607152,-1.1427489134912696,5.171564779451798
54,6608589,1.1497533925826113,-4.67320597305773
54,6633734,-3.632315154519354,-1.3288969057782316
54,6643436,2.6518038666099106,6.994287057005241
54,6645320,-3.5082887183349656,-4.016868130907946
54,6645957,0.5066323113250769,0.0574668709950234
54,6668320,4.336630447607272,-2.009711937268516
54,6697556,4.571580567659317,-5.529172542950983
54,6732700,-0.8548671591271397,-3.242537345825309
54,6732998,4.770396980150179,-3.024619283968481
54,6733436,-0.39623959873140424,6.598157911565393
54,6734602,2.553383712618023,-1.3553518623080092
54,6765253,-1.1976271023030534,-7.554994660893681
54,6768318,2.6245445143330692,5.387154475784461
54,6770431,1.5350681104359012,5.096126414358614
54,6776293,0.46069954136961244,-5.261625714308788
54,6776556,2.667133901312999,-0.0793444934837883
54,6777240,-5.6865611120771575,-4.521468974447956
54,6777241,-5.628459132754744,-4.46794845793418
54,6777242,-2.7085876847043626,1.8069853268408946
54,6777243,-5.944174852778502,-4.162722085802072
54,6777245,-5.612308373631644,-4.469802923618906
54,6777246,-5.6195892490835435,-4.45176475173636
54,6777279,-0.05305365122914273,6.689939250828688
54,6777319,-4.686027724150966,-1.1105382620776516
54,6777614,1.7928673468352625,2.128856717144025
54,6777847,4.463043422893403,-2.875616750933174
54,6777878,-1.4519009790775312,5.542835535879997
54,6778638,-3.2739313992085877,-2.538497444262315
54,6779204,-5.2516189338171735,-1.314891195353913
54,6783307,6.330230376272893,-2.3050869362508806
54,6783308,1.7751335791373837,2.0939092262821286
54,6785641,0.11200627418710707,-0.8222448576119994
54,6785642,-3.4762306388552604,-0.4378583161879118
54,6792369,-0.6342391920359651,-2.3737168257543244
54,6813403,4.2198796054874546,-3.8056787096589466
54,6813929,0.5596453047597008,-5.975277598364626
54,6815376,-3.754520706721257,-5.005955426416031
54,6815813,-4.611008191645636,-0.31219041981432366
54,6815814,-4.373035801304129,-0.4945324381447103
54,6820097,0.652649607060674,4.696203541590682
54,6820443,1.350557741107694,6.937231369509536
54,6820449,0.3221397908385742,2.6121271739170715
54,6823066,-2.153744811424645,6.089580878059732
54,6824134,-2.213029222955524,5.689578303103422
54,6824943,-4.9631178429326726,1.9274922708425302
54,6827484,3.111573970391998,0.19447110989988645
54,6832249,0.06839420846735461,6.079908365033216
54,6832884,-0.5347765108063057,-4.130031924208463
54,6833033,0.5484835327347822,-3.0041760718985397
54,6834647,-0.2739299167140709,-2.575224943666467
54,6838247,-1.9527205515353594,-2.5715218868797676
54,6838253,2.8048031167584737,-1.3224605577318973
54,6840298,-3.7095511750812866,-4.349153236168354
54,6842205,-3.552652985440658,3.6645146497934773
54,6842206,2.729549783466875,-1.3718050905994583
54,6843351,0.4578024899902891,5.4855205976716945
54,6843352,6.294644735998719,-2.611773261983066
54,6844734,2.1863396978726786,5.445941374841012
54,6844739,2.7735937389800993,6.287504071670506
54,6865102,-2.0982203478556474,-4.586324908662175
54,6870259,0.3587808876434349,1.3624143515995237
54,6874243,1.1513060124025536,6.379155506499309
54,6946656,3.2324711057473894,-4.421559468853261
54,6958115,6.097672652616316,-4.2810615012834345
54,6984082,5.567486764919624,-3.452384790916311
54,7001723,1.8268188359676445,0.29083189625152744
54,7035178,1.3018148798232747,-1.415829680184505
54,7035186,2.1122408855093955,5.089756876908375
54,7036908,5.721754228333562,-2.447788654455284
54,7037079,-0.7080791107735959,-0.4032858372028042
54,7037428,-1.1584688303061137,-1.8558268154554995
54,7078994,0.40006874095314904,-5.2592132280996475
54,7080022,5.5032832992564895,-3.9309704190867074
54,7080672,1.8468625888402719,4.619704912655687
54,7084165,0.5074743621584108,-3.560925994805973
54,7152191,-3.979232253812555,0.20039476163576417
54,7160557,0.6164308873450651,-2.156161430554682
54,7165956,4.8969988366716874,-4.895620390221147
54,7166618,-0.8298781732234155,-2.1843449152018173
54,7167200,-3.70035085975905,-3.065981710419214
54,7167821,0.28215746750228804,5.37568584820167
54,7168177,-3.5206204892380106,3.6742205646943003
54,7169192,6.36563546072669,-2.5744872855754886
54,7308365,4.759827963618745,-4.6682878945263395
54,7346837,1.1716714092996319,-0.9459016274789417
54,7375727,2.116709429524227,1.2303341222584465
54,7442735,0.5823837059376139,5.049507091555994
54,7443004,1.2285642199297133,-1.9391703980846973
54,7444140,6.538840613600105,-2.851378388532657
54,7463631,0.2983665689200727,5.020003406988939
54,7493425,-0.8425529816984725,-3.2262618139865746
54,7495909,5.8688299983715995,-1.9385437999727764
54,7562413,-5.407397144871528,0.0708392909348395
54,7562414,-5.41417282357589,0.07382865380966264
54,7562415,-5.397491178369549,0.06506144972912935
54,7564596,-0.505661451121794,7.005126125410588
54,7617436,-1.8437569369015756,0.23478991329928084
54,7617564,-3.9097535958374268,-3.5226895958234086
54,7618012,5.026825294476139,-2.99199248541179
54,7618388,4.897801925124021,-1.3260931234464663
54,7618397,-0.7882534143821909,6.513344958311352
54,7618752,-3.095471551793642,0.8904482269233474
54,7620451,0.23646351998073564,5.810197288754413
54,7620509,-0.53003175221762,-1.0864990745755607
54,7623057,2.751999277119566,-1.369891092616859
54,7623058,4.755326936034285,-3.020384563162574
54,7657691,-5.546730576203163,-3.5432719471153025
54,7658714,-4.87566464412414,-1.5785059573938791
54,7658881,1.570760355126208,6.726216136802753
54,7751147,6.325816994898599,-4.217107288577892
54,7751243,2.4727968658331165,6.658894754321329
54,7752983,-0.9881763310818059,-1.8313500852198559
54,7758028,-1.2243288446960237,7.733944604900527
54,7758029,-1.2297282893820363,7.75325373227462
54,7758323,0.8353320405485167,7.36427502247865
54,7759753,1.9243795502439685,4.779794343571302
54,7760244,-2.213440388545363,5.59000895846166
54,7760791,3.3587065331689567,2.717270068989512
54,7767175,5.303819591456045,-2.647811573115635
54,7768166,2.153609079703166,-0.2535483022851198
54,7768289,-2.0217251133347003,-3.367037775768845
54,7768293,-3.6317403755951494,3.6361964185142988
54,7768296,-0.628765544148603,-4.642747953075965
54,7768297,-0.5611143544095853,-3.9903424792225155
54,7768298,-0.5538898594681955,-4.17806750741142
54,7768299,-0.5627555810094882,-4.159029345716336
54,7768300,0.6894336647793926,-6.0008250809045816
54,7768301,0.8161382421773208,-6.055750870661331
54,7768302,2.885245481801998,1.3548457988981517
54,7768648,-0.7790876653762543,-0.09596435633178506
54,7770456,3.4744769354367695,-3.983098622044403
54,7770538,1.2309326486923868,6.271482253459178
54,7771476,-4.211091666538309,-2.6441683387704944
54,7771627,0.677288303505803,-0.5127305505365741
54,7772001,-0.11482549015356519,7.350339374291829
54,7772652,2.82063404936547,-5.140393783739955
54,7772653,2.6546964724775557,-5.270165418396908
54,7772655,2.815202752490196,-5.11117505535933
54,7774410,-4.075281981370435,-1.3135876835006273
54,7775142,0.7642936794901758,-0.14258530345478324
54,7777799,-1.386477039109495,-5.0047553994545995
54,7777800,-1.5189837483602904,-4.979000158826707
54,7777801,-2.653529409460937,-3.7952311808217187
54,7777802,-1.5394936379118527,-4.941524241049487
54,7777803,5.856884574156642,-4.0579656372147035
54,7778829,4.267304677247643,-3.91420127379106
54,7778830,4.232938525066715,-4.184798966183779
54,7778831,2.165296645055135,1.225004396319548
54,7779962,-0.07641450721958445,7.387853804341883
54,7780112,2.8872298915547083,4.667226794385246
54,7780397,0.7855657049863778,5.626782370973993
54,7780591,1.3028969528507974,6.1392380609483235
54,7780912,1.0650989662811556,6.10188621360151
54,7781533,1.0514842258901052,2.2451076607923843
54,7781891,-0.2636468365065166,6.559535629932799
54,7782045,-0.8498349515156552,-3.3944524389031514
54,7783037,-0.030518887188702166,1.1204604404955887
54,7783851,-4.289204953703542,-3.9510874102048947
54,7786338,0.46993414107657244,-3.3984439781205977
54,7787750,-0.6056910559828933,5.931847451617403
54,7789796,-3.571717634020644,3.6541292931906137
54,7790686,5.520562901261142,-4.85923319757579
54,7792969,6.356281558423614,-1.3010031875368067
54,7794448,3.816144768055635,-3.2167220687640246
54,7795329,1.5617870413576747,-1.31269237919433
54,7795614,-1.1253671168410215,-3.2340001228102264
54,7795790,1.7895643628409452,-6.584604770869613
54,7799698,-3.8400243864600143,-2.6698286344636903
54,7799917,2.867207693750092,-1.8299021568433562
54,7800405,0.8269742624725714,4.276442555135936
54,7800646,2.647544048344145,6.726592642633128
54,7801540,-1.9944473198664363,5.362680935845514
54,7802063,-2.892167041016566,-1.0323976057592739
54,7802790,-3.6874851887031546,-2.3451860141563703
54,7803605,0.8563322254880175,2.398360485125253
54,7805024,-2.2580508090166425,2.159312667472266
54,7808851,5.142392693085439,-1.2636088106372916
54,7809487,0.09724007841315803,-3.296439555698869
54,7810192,1.7126223912686325,-5.201660606117705
54,7810193,1.6246559810216858,-5.140306336939875
54,7810452,-3.482533021331332,0.11835805459832961
54,7814382,1.3488846765972982,6.093123145601547
54,7815493,3.1901403695421093,5.695964451932453
54,7815644,3.432083616231127,0.6458471093945042
54,7815645,-0.010873935960432,-2.3456354558920944
54,7816272,3.89384607215884,0.7911738325717138
54,7816273,4.1524855540766,0.7699566286637228
54,7817778,-3.251012409126416,-1.0163443786849107
54,7818785,-3.9709434677087554,-0.3745994257547542
54,7818880,-0.5559006286800585,-2.812573965088955
54,7819671,1.474713822510264,-4.9136558945299305
54,7820665,-1.8727108067807772,0.3304666930990357
54,7822188,-2.0760726369717317,-3.1553323823683037
54,7822646,5.420061337713637,-4.401548720865083
54,7823439,0.4125023472769619,5.81408332803165
54,7831526,4.884964096583558,-4.9692659262410395
54,7831527,-3.4407118239606866,0.13671621119890012
54,7833122,5.762088082203832,-2.0107086187012246
54,7834039,-5.1179113464612325,-4.056112827253941
54,7906754,-1.6034490668893318,-5.645523648420991
54,7907423,2.895060414372708,-2.543199002484187
54,7907763,-1.3868986942907795,1.2605471480820876
54,7909581,-0.9870440387842707,1.572711898477282
54,7909644,-3.1655903874657683,3.9839447478552614
54,7910836,-2.529413995805437,-5.7078935418226955
54,7911814,-1.4807498776156387,-5.484439572096273
54,7911931,0.642977747568189,0.18369520822307908
54,7912426,2.618603682491427,-1.3337640452885935
54,7912427,2.617416111722582,-1.3421439387323149
54,7912667,6.402070818312578,-2.588598453581504
54,7912668,1.0870981814121117,5.8245492998236825
54,7912669,0.8262656548024632,-0.9362712584168169
54,7912670,6.246252540073675,-2.585524849837368
54,7933114,4.398669466249042,-2.742570055702112
54,7949061,-1.9662003668540888,0.8320527369447192
54,7965554,-2.429069681272596,2.116994980044477
54,7965555,-2.451151159224289,2.0837703516512027
54,7975416,-0.07772972516998519,-0.66999740475321
54,7975423,-2.4987994736899144,-0.6700545850256412
54,7978670,4.045569413405367,-4.143516477486286
54,8043020,-4.944753665463256,1.91324567180904
54,8208911,1.35716989385193,5.46985239055284
54,8209758,-4.482110645667717,0.5345774376562497
54,8210650,-1.8486357834392932,5.553141935926415
54,8211053,1.600857661994749,-2.5703352126340815
54,8211237,4.907253904648839,-4.87174235993849
54,8211292,-5.5627743201059285,-4.951059934428656
54,8211678,5.301653613774528,-0.2983668841830762
54,8218952,-0.5034570194614979,0.32070192559343574
54,8220506,6.379707964156172,-2.580705122125219
54,8220510,2.3823976252530277,5.548080166835192
54,8220511,6.363573614478509,-2.6164680075478803
54,8224435,-0.14447407882316168,6.730811285730607
54,8226067,4.308767364740416,-0.6746512027653102
54,8226280,-2.2885631187190003,-3.349863360896239
54,8226652,4.249931384994564,-4.238708342534636
54,8226806,-3.691109238534102,-1.3825114804664245
54,8226809,6.000940890183418,-3.408153072077403
54,8227905,2.0470012726215314,1.3491129312910977
54,8228033,0.036441168818746206,-1.4784199992620137
54,8228290,0.3998520756822036,5.079410845518203
54,8228307,3.7837255847997673,0.7832788816128415
54,8228684,3.747497586463218,0.8567440867456084
54,8229210,-0.5517544018853724,-4.1868314774419755
54,8229618,1.6791947230077464,2.640014258322165
54,8231206,0.3478842533430083,-0.022871923938635588
54,8233399,-3.3475059104348484,0.09013528809245464
54,8233400,2.698660782038497,-1.3157733056644363
54,8234217,0.8088739462497695,-0.9425222793503396
54,8237539,-2.563771768345409,-2.6991957493241143
54,8237567,-3.564669538985351,-2.504639011969967
54,8239021,2.4135548031036187,6.234959183436999
54,8274562,-1.4311035724298466,-1.9669117686028885
54,8385691,1.2045767370084504,-3.3715081758727514
54,8417326,5.267983382482548,-1.3005358144228278
54,8418261,-1.389311165176248,5.59151805328901
54,8419873,1.24120711337086,-3.1757761675349827
54,8486308,-1.2656337522256949,-5.730749590828591
54,8729929,-0.006599985663201821,7.418274975627245
54,8730690,-0.8915339494633845,-1.1026000016604869
54,8731632,-4.325432909153685,-1.3284267911996583
54,8731664,-0.7342560659347098,6.6647884226478284
54,8731753,-2.472389937996657,-3.2954233610257324
54,8731826,-2.0677136774091758,6.009421640215073
54,8731891,-0.1163147831798738,7.278120252458786
54,8732206,-0.3937515530227297,-1.81885602868115
54,8732550,4.210471781772824,-3.4780702431716963
54,8732567,0.7465807510243698,7.370023532034861
54,8732818,-3.3656963650647818,1.8280161498963732
54,8733067,-0.43260357959805157,0.3453405334301356
54,8733191,0.6352252251549909,6.025797409188441
54,8733248,-2.212581746812585,5.742205442504152
54,8733330,-1.872953407647164,-1.1530593319044389
54,8733669,-0.3379361192963066,6.56184161520512
54,8734020,5.3986609344912475,-4.455991399142704
54,8734092,-3.3606640576893563,-2.615244302684567
54,8734471,-2.510355188917574,0.7669538908693557
54,8734671,-2.0723341275916094,-0.3105349829013622
54,8734775,-0.13117728639098325,6.637761581944997
54,8735163,4.401982505906888,-5.429492881262611
54,8735235,1.3339259791313005,5.9157058324191025
54,8735654,-3.149042899920784,-2.5986231202007772
54,8735726,-0.5509862162951339,-4.389228262104293
54,8735807,-2.0565121857187627,6.169239131481469
54,8735849,1.7964092458760195,-6.585613871661822
54,8735873,0.8518492967834378,-4.9270733948805185
54,8735889,1.5592811223367367,6.648337544207802
54,8738316,1.6423563995985604,6.792050559353813
54,8740892,0.1428692239517533,-1.6271643236028672
54,8741026,-0.8613569261910519,1.550697207707221
54,8746197,2.199716234270528,4.963701079140497
54,8747173,6.31616911888889,-2.615668308140015
54,8747174,0.18511185092644794,-1.3326299041573342
54,8763344,2.2529449565624793,5.410718116553785
54,8813233,2.619572076425104,-2.7401401407401598
54,8814326,1.9173467670735045,5.531856685493619
54,8814327,2.041526544898314,4.938369392355808
54,8814676,-0.23708616300468338,-2.0449482961378886
54,8815115,1.1071003491221536,4.851808273462043
54,8815247,5.886338023120752,-3.8236132702541883
54,8815249,5.428584658491158,-4.3684868281163
54,8815525,2.102245165867158,1.2715338011091601
54,8815892,-0.7632372546754845,-4.338288950282957
54,8816354,2.302491570697407,-3.883455831289363
54,8816355,2.239978871656498,-3.911772778346487
54,8816678,-0.5812613848326839,-3.29251585067123
54,8816691,-4.660130650716814,-1.5515582242103567
54,8818199,-2.3100578460881125,0.33273757914722335
54,8819575,-3.4516420870604803,0.07083055283155489
54,8821642,1.7465620307600875,6.893005741382698
54,8822676,2.6587425032696825,5.7253240052320855
54,8823020,4.647231916467902,-3.033271225820207
54,8824213,2.390292031022468,5.6792224244888905
54,8826113,5.995900870716029,-3.7875525580249203
54,8826122,1.2225785612260365,0.11967836009659562
54,8828595,-3.0959804860856175,0.6009733199219321
54,8830650,0.5044324568123253,-3.8394920940208506
54,8830947,0.7657122942215122,4.534086130147862
54,8833017,0.6332129194170063,0.1122176889536571
54,8833485,3.1317154083081973,-0.04689120501692022
54,8833533,2.8040581241004046,5.5529449714667445
54,8834292,3.0416757665429466,2.0092940463605786
54,8834294,2.575938915067608,5.5996998788750165
54,8834295,6.11619328642617,-1.9787450032635472
54,8834296,3.0105950271553064,2.013748514340312
54,8834306,3.027345309170516,2.0108963326178073
54,8834315,1.234232922640515,-1.452657193050845
54,8834319,2.0639773974499716,5.604729427779519
54,8836563,2.0500883666613583,0.849947305332973
54,8841203,0.18114930458729786,-3.627401387173427
54,8841867,0.11457033649043329,6.682969906189317
54,8843448,1.603834583352449,5.070636619978778
54,8844276,-3.475970011702554,-3.2140691282622846
54,8844886,2.546263221622056,6.718244097995477
54,8847042,3.0932366112045515,1.778782434421048
54,8847554,4.757855732751922,-1.1870381066493656
54,8847555,5.010045321842203,-1.4952181549528671
54,8848207,-1.9192843333011136,5.19494605654194
54,8848482,4.918305359368483,-4.069707982538408
54,8849376,-1.5004365977799419,5.416813791047497
54,8849569,2.8691747617297474,1.7181787145668568
54,8851013,-0.5797504131393368,6.49885102615836
54,8851407,2.653125436921679,-0.3149549830644217
54,8851409,5.807416831391034,-4.309433533253808
54,8852986,-0.19895038915906454,6.898084374250142
54,8854045,-3.490429300038695,-3.0857654922227367
54,8858926,1.0232629852564326,5.732497702875919
54,8859853,6.012518560232965,-3.3931491879233437
54,8860079,6.366303748268348,-2.6136248504999036
54,8860361,-0.6609745560501843,-0.13910535625009887
54,8860935,5.442484655539805,-4.438181876593034
54,8861276,0.404588377326837,5.345725457875752
54,8862104,1.8861983593127012,4.77540368219718
54,8864831,-2.2956318301935994,-1.5907221310608541
54,8864833,-1.578480751509097,-5.070069936918067
54,8864834,-1.774164479380492,5.568954760987344
54,8865508,-0.4644372077291252,5.9813053977082316
54,8869351,1.332633986735215,6.99832342289813
54,8870655,2.5416748492180643,5.474209878742679
54,8870656,0.7530993751615789,-0.8879837640064511
54,8872067,2.2458390699046986,5.776078670514211
54,8872068,-3.5219530699605337,0.7160724178259537
54,8886661,-1.22575886765906,-0.9291353606735085
54,8886662,-1.556528391878918,-0.2109074652510848
54,8886663,-1.4352562711740489,-0.5048306701860975
54,8892333,-0.041208812801014114,-1.583192438794071
54,8892334,5.234442913489878,-3.484649366280749
54,8940883,-3.5139300400924314,3.685770811043706
54,9031739,-5.841636378629996,-0.8592972931220585
